{"stats":{"minecraft:used":{"minecraft:oak_trapdoor":9,"minecraft:diamond_hoe":79,"minecraft:chest":2,"minecraft:bell":5,"minecraft:dirt":102,"minecraft:anvil":1,"minecraft:carrot":2,"iceandfire:armor_green_chestplate":1,"minecraft:glass":87,"minecraft:bow":3,"minecraft:furnace":6,"iceandfire:armor_green_boots":1,"iceandfire:armor_green_leggings":1,"minecraft:potato":25,"minecraft:wheat_seeds":32,"minecraft:water_bucket":61,"iceandfire:fire_dragon_flesh":1,"minecraft:glass_bottle":5,"iceandfire:armor_green_helmet":2,"minecraft:oak_planks":515,"iceandfire:dragonbone_sword_ice":40,"minecraft:composter":2,"minecraft:fletching_table":1,"minecraft:diamond_axe":334,"minecraft:oak_slab":3,"minecraft:crafting_table":3,"minecraft:blast_furnace":1,"minecraft:white_bed":28,"minecraft:diamond_pickaxe":97,"minecraft:diamond_shovel":250,"iceandfire:dragonbone_sword_fire":24,"minecraft:bread":23,"minecraft:lectern":14,"minecraft:gravel":21,"minecraft:diamond_sword":215,"minecraft:cobblestone":4,"minecraft:potion":4,"minecraft:cooked_porkchop":19,"minecraft:bucket":62,"minecraft:yellow_bed":7},"minecraft:killed_by":{"minecraft:player":2,"iceandfire:fire_dragon":7},"minecraft:picked_up":{"minecraft:crafting_table":2,"iceandfire:witherbone":20,"minecraft:flower_pot":1,"minecraft:stone_slab":1,"minecraft:stone_brick_stairs":1,"minecraft:brewing_stand":1,"minecraft:string":2,"minecraft:oak_trapdoor":3,"minecraft:smooth_stone_slab":5,"minecraft:cracked_stone_bricks":2,"minecraft:smooth_stone":3,"minecraft:gold_nugget":5,"minecraft:lectern":14,"iceandfire:ice_dragon_heart":1,"minecraft:egg":3,"minecraft:furnace":4,"iceandfire:dragonscales_green":43,"minecraft:stick":4,"iceandfire:dragonbone":33,"minecraft:torch":1,"minecraft:spruce_stairs":1,"minecraft:lightning_rod":1,"tombstone:grave_dust":4,"minecraft:diorite":1,"minecraft:carrot":2,"iceandfire:dragon_skull_ice":1,"minecraft:rotten_flesh":29,"iceandfire:dragonscales_silver":7,"minecraft:hay_block":48,"iceandfire:fire_dragon_heart":3,"minecraft:mutton":4,"minecraft:white_wool":4,"minecraft:cobblestone":35,"minecraft:andesite":9,"minecraft:potato":22,"minecraft:flint":4,"minecraft:oak_log":127,"iceandfire:ectoplasm":5,"minecraft:yellow_bed":7,"relics:spore_sack":2,"minecraft:dirt":133,"tombstone:gift":1,"minecraft:purple_carpet":1,"minecraft:bone":3,"minecraft:stone_bricks":1,"minecraft:wheat_seeds":39,"minecraft:bell":5,"minecraft:oak_planks":74,"iceandfire:fire_dragon_flesh":4,"minecraft:purple_concrete":5,"minecraft:book":201,"minecraft:oak_slab":1,"iceandfire:dragonbone_sword":2,"minecraft:gravel":57,"minecraft:sand":90,"iceandfire:dragon_skull_fire":2,"minecraft:blast_furnace":1,"minecraft:white_bed":27,"minecraft:spruce_log":1,"minecraft:spider_eye":1,"minecraft:mossy_cobblestone":4,"iceandfire:fire_dragon_blood":1,"minecraft:painting":1,"minecraft:golden_apple":1,"iceandfire:ice_dragon_flesh":3,"minecraft:emerald":86,"minecraft:oak_sapling":16,"iceandfire:silver_nugget":2,"minecraft:coal":33},"minecraft:killed":{"minecraft:spider":2,"minecraft:skeleton":5,"iceandfire:fire_dragon":2,"minecraft:piglin_brute":4,"minecraft:piglin":6,"minecraft:creeper":1,"minecraft:sheep":3,"minecraft:zombie":6,"iceandfire:ghost":20},"minecraft:dropped":{"minecraft:enchanted_book":2,"relics:spore_sack":2,"minecraft:wheat_seeds":1,"iceandfire:armor_green_leggings":1,"minecraft:mossy_cobblestone":2,"minecraft:cracked_stone_bricks":2,"minecraft:cobblestone_stairs":1,"minecraft:dirt":12,"minecraft:diorite":1,"iceandfire:armor_green_chestplate":1,"tombstone:grave_dust":4,"minecraft:potion":1,"minecraft:gold_nugget":5,"iceandfire:fire_dragon_blood":2,"minecraft:string":2,"minecraft:white_wool":1,"iceandfire:dragon_skull_fire":2,"iceandfire:witherbone":20,"tombstone:gift":3,"iceandfire:armor_green_helmet":1,"minecraft:rotten_flesh":29,"minecraft:stone_slab":1,"iceandfire:armor_green_boots":1,"minecraft:andesite":9,"minecraft:oak_sapling":9,"minecraft:stone_bricks":1,"minecraft:spider_eye":1,"iceandfire:fire_dragon_heart":2,"minecraft:stone_brick_stairs":1},"minecraft:custom":{"minecraft:interact_with_anvil":8,"minecraft:mob_kills":52,"minecraft:interact_with_crafting_table":45,"minecraft:open_barrel":12,"minecraft:bell_ring":89,"minecraft:leave_game":3,"minecraft:time_since_death":23064,"minecraft:climb_one_cm":5592,"minecraft:sprint_one_cm":514780,"minecraft:walk_one_cm":342046,"minecraft:drop":58,"minecraft:talked_to_villager":33,"minecraft:play_time":166091,"minecraft:deaths":9,"minecraft:sneak_time":1770,"minecraft:walk_under_water_one_cm":10910,"minecraft:jump":4513,"minecraft:interact_with_blast_furnace":6,"minecraft:walk_on_water_one_cm":43153,"minecraft:total_world_time":166091,"minecraft:interact_with_furnace":37,"minecraft:traded_with_villager":7,"minecraft:sleep_in_bed":15,"minecraft:time_since_rest":37,"minecraft:damage_taken":4320,"minecraft:trigger_trapped_chest":12,"minecraft:damage_dealt":17747,"minecraft:swim_one_cm":14163,"minecraft:fly_one_cm":823359,"minecraft:open_chest":120,"minecraft:crouch_one_cm":7004,"tombstone:undead_killed":31,"minecraft:fall_one_cm":105238},"minecraft:mined":{"minecraft:white_bed":27,"minecraft:mossy_cobblestone":3,"minecraft:brewing_stand":1,"minecraft:grass_block":72,"minecraft:spawner":4,"minecraft:large_fern":1,"minecraft:hay_block":49,"minecraft:smooth_stone":3,"minecraft:oak_trapdoor":3,"minecraft:furnace":4,"minecraft:carrots":2,"minecraft:fire":4,"minecraft:andesite":9,"minecraft:bell":5,"minecraft:bookshelf":67,"minecraft:potatoes":22,"iceandfire:gold_pile":1,"minecraft:vine":1,"minecraft:dirt_path":2,"iceandfire:frost_lily":1,"minecraft:stone":17,"minecraft:oak_slab":1,"minecraft:crafting_table":2,"minecraft:blast_furnace":1,"minecraft:lectern":14,"minecraft:lightning_rod":1,"minecraft:glass":1,"minecraft:tall_grass":71,"minecraft:cobblestone":20,"minecraft:oak_planks":75,"minecraft:diorite":1,"minecraft:wall_torch":1,"minecraft:seagrass":3,"minecraft:wheat":4,"minecraft:birch_leaves":3,"minecraft:purple_concrete":5,"minecraft:yellow_bed":7,"minecraft:stone_brick_stairs":1,"minecraft:smooth_stone_slab":5,"minecraft:grass":238,"minecraft:oak_log":128,"minecraft:gravel":61,"minecraft:sand":91,"minecraft:dirt":64,"minecraft:cracked_stone_bricks":2,"minecraft:stone_bricks":1,"minecraft:oak_leaves":31},"minecraft:crafted":{"minecraft:oak_planks":508,"minecraft:coal":27,"iceandfire:armor_green_leggings":1,"iceandfire:dragonbone_sword_fire":1,"minecraft:diamond_hoe":1,"minecraft:furnace":2,"minecraft:diamond_shovel":1,"minecraft:bookshelf":1,"minecraft:oak_trapdoor":6,"minecraft:glass":90,"minecraft:diamond":9,"minecraft:bow":1,"iceandfire:armor_green_helmet":1,"minecraft:chest":2,"minecraft:wheat":432,"minecraft:glass_bottle":3,"minecraft:oak_slab":24,"minecraft:diamond_axe":1,"minecraft:crafting_table":1,"minecraft:fletching_table":1,"minecraft:bucket":3,"iceandfire:armor_green_chestplate":1,"minecraft:enchanted_book":7,"minecraft:bread":144,"minecraft:air":0,"minecraft:lectern":1,"iceandfire:dragonbone_sword_ice":1,"minecraft:diamond_pickaxe":1,"minecraft:stick":8,"minecraft:iron_block":3,"minecraft:gold_ingot":27,"minecraft:anvil":1,"minecraft:white_bed":1,"minecraft:composter":2,"iceandfire:armor_green_boots":1}},"DataVersion":3465}