{"stats":{"minecraft:used":{"minecraft:oak_trapdoor":15,"minecraft:redstone":13,"minecraft:diamond_hoe":79,"minecraft:chest":10,"minecraft:bell":5,"mob_catcher:diamond_mob_catcher":11,"minecraft:torch":8,"minecraft:brewing_stand":1,"minecraft:dirt":134,"minecraft:anvil":1,"minecraft:hopper":9,"minecraft:spruce_stairs":1,"minecraft:carrot":2,"iceandfire:armor_green_chestplate":1,"minecraft:obsidian":4,"minecraft:glass":129,"minecraft:bow":3,"minecraft:furnace":7,"iceandfire:armor_green_boots":1,"iceandfire:armor_green_leggings":1,"minecraft:potato":25,"minecraft:cobbled_deepslate":1,"minecraft:observer":15,"minecraft:wheat_seeds":32,"minecraft:water_bucket":76,"minecraft:diorite":3,"iceandfire:fire_dragon_flesh":1,"minecraft:glass_bottle":11,"minecraft:oak_planks":682,"minecraft:cartography_table":1,"iceandfire:armor_green_helmet":2,"iceandfire:dragonbone_sword_ice":107,"minecraft:composter":2,"minecraft:diamond_axe":454,"minecraft:fletching_table":1,"minecraft:sugar_cane":12,"minecraft:oak_slab":14,"minecraft:blast_furnace":1,"minecraft:crafting_table":3,"minecraft:white_bed":35,"minecraft:piston":14,"minecraft:lever":1,"minecraft:diamond_pickaxe":343,"minecraft:diamond_shovel":437,"iceandfire:dragonbone_sword_fire":25,"minecraft:bread":52,"minecraft:lectern":15,"minecraft:gravel":21,"minecraft:fire_charge":2,"minecraft:diamond_sword":215,"minecraft:potion":10,"minecraft:cobblestone":86,"minecraft:cooked_porkchop":19,"minecraft:andesite":3,"minecraft:bucket":76,"minecraft:yellow_bed":10,"minecraft:air":6},"minecraft:killed_by":{"minecraft:player":2,"iceandfire:fire_dragon":7},"minecraft:picked_up":{"minecraft:mud":6,"minecraft:crafting_table":2,"iceandfire:witherbone":20,"minecraft:flower_pot":1,"minecraft:stone_slab":3,"minecraft:stone_brick_stairs":1,"minecraft:brewing_stand":5,"minecraft:cornflower":1,"minecraft:string":4,"minecraft:oak_trapdoor":7,"minecraft:smooth_stone_slab":5,"minecraft:cracked_stone_bricks":2,"minecraft:smooth_stone":3,"minecraft:gold_nugget":5,"minecraft:cobbled_deepslate":1,"minecraft:observer":8,"minecraft:lectern":14,"minecraft:sugar_cane":15,"minecraft:chest":4,"minecraft:piston":7,"minecraft:furnace":4,"iceandfire:ice_dragon_heart":1,"minecraft:egg":7,"minecraft:stick":4,"minecraft:raw_iron":37,"iceandfire:dragonbone":33,"iceandfire:dragonscales_green":43,"minecraft:torch":9,"minecraft:spruce_stairs":2,"minecraft:porkchop":2,"minecraft:lightning_rod":1,"tombstone:grave_dust":4,"minecraft:diorite":4,"minecraft:carrot":2,"minecraft:redstone":103,"iceandfire:dragon_skull_ice":1,"minecraft:arrow":2,"minecraft:rotten_flesh":33,"iceandfire:dragonscales_silver":7,"minecraft:hay_block":48,"iceandfire:fire_dragon_heart":3,"minecraft:mutton":4,"minecraft:white_wool":4,"minecraft:cobblestone":164,"minecraft:glow_ink_sac":5,"minecraft:andesite":12,"minecraft:potato":22,"minecraft:flint":4,"minecraft:oak_log":191,"iceandfire:ectoplasm":5,"minecraft:yellow_bed":10,"relics:spore_sack":2,"minecraft:dirt":210,"tombstone:gift":1,"minecraft:purple_carpet":1,"minecraft:bone":6,"minecraft:stone_bricks":1,"minecraft:bow":2,"minecraft:wheat_seeds":40,"minecraft:bell":5,"minecraft:iron_ingot":8,"minecraft:glass_bottle":5,"minecraft:fletching_table":1,"iceandfire:fire_dragon_flesh":4,"minecraft:oak_planks":115,"minecraft:purple_concrete":5,"minecraft:book":201,"minecraft:oak_slab":1,"minecraft:dandelion":1,"iceandfire:dragonbone_sword":2,"minecraft:quartz":7,"minecraft:gravel":57,"iceandfire:dragon_skull_fire":2,"minecraft:sand":206,"minecraft:blast_furnace":2,"minecraft:white_bed":34,"minecraft:spruce_log":1,"minecraft:spider_eye":2,"minecraft:mossy_cobblestone":4,"minecraft:diamond":53,"iceandfire:fire_dragon_blood":1,"minecraft:lever":1,"minecraft:painting":1,"minecraft:golden_apple":1,"iceandfire:ice_dragon_flesh":3,"minecraft:emerald":86,"minecraft:oak_sapling":16,"minecraft:netherrack":2,"iceandfire:silver_nugget":4,"minecraft:coal":33,"minecraft:hopper":8},"minecraft:mined":{"minecraft:diamond_ore":1,"minecraft:crying_obsidian":1,"minecraft:white_bed":34,"minecraft:mossy_cobblestone":3,"minecraft:deepslate_diamond_ore":3,"minecraft:brewing_stand":3,"minecraft:grass_block":140,"minecraft:redstone_wire":1,"minecraft:hopper":8,"minecraft:spawner":5,"minecraft:large_fern":1,"minecraft:hay_block":49,"minecraft:smooth_stone":3,"minecraft:redstone_ore":16,"minecraft:oak_trapdoor":7,"minecraft:furnace":4,"minecraft:carrots":2,"minecraft:iron_ore":32,"minecraft:fire":5,"minecraft:andesite":12,"minecraft:fletching_table":1,"minecraft:bell":5,"minecraft:bookshelf":67,"minecraft:potatoes":22,"minecraft:dirt_path":2,"iceandfire:gold_pile":1,"minecraft:deepslate_iron_ore":5,"minecraft:vine":1,"iceandfire:frost_lily":1,"minecraft:stone":131,"minecraft:deepslate_redstone_ore":5,"minecraft:oak_slab":1,"minecraft:observer":8,"minecraft:stone_brick_slab":1,"minecraft:dandelion":1,"minecraft:cornflower":1,"minecraft:crafting_table":2,"minecraft:torch":4,"minecraft:blast_furnace":2,"minecraft:chest":4,"minecraft:lectern":14,"minecraft:stone_slab":1,"minecraft:lightning_rod":1,"minecraft:nether_quartz_ore":7,"minecraft:glass":21,"minecraft:tall_grass":75,"minecraft:cobblestone":40,"minecraft:oak_planks":116,"minecraft:sugar_cane":11,"minecraft:diorite":4,"minecraft:wall_torch":4,"minecraft:seagrass":3,"minecraft:mud":6,"minecraft:wheat":5,"minecraft:birch_leaves":3,"minecraft:purple_concrete":5,"minecraft:yellow_bed":10,"minecraft:stone_brick_stairs":2,"minecraft:smooth_stone_slab":5,"minecraft:grass":267,"minecraft:oak_log":192,"minecraft:gravel":61,"minecraft:sand":212,"minecraft:dirt":85,"minecraft:cracked_stone_bricks":2,"minecraft:stone_bricks":1,"minecraft:netherrack":2,"minecraft:piston":7,"minecraft:oak_leaves":35,"minecraft:deepslate":1},"minecraft:crafted":{"minecraft:oak_planks":764,"minecraft:coal":108,"iceandfire:armor_green_leggings":1,"iceandfire:dragonbone_sword_fire":1,"minecraft:diamond_hoe":1,"minecraft:furnace":3,"minecraft:piston":1,"minecraft:bone_meal":9,"minecraft:lever":1,"minecraft:diamond_shovel":1,"minecraft:bookshelf":1,"minecraft:oak_trapdoor":10,"minecraft:glass":206,"minecraft:hopper":8,"minecraft:diamond":9,"minecraft:bow":1,"iceandfire:armor_green_helmet":1,"minecraft:chest":14,"minecraft:lead":2,"minecraft:observer":7,"minecraft:wheat":432,"minecraft:glass_bottle":9,"minecraft:oak_slab":36,"minecraft:diamond_axe":1,"minecraft:crafting_table":1,"mob_catcher:diamond_mob_catcher":2,"minecraft:fletching_table":1,"minecraft:bucket":3,"iceandfire:armor_green_chestplate":1,"minecraft:enchanted_book":7,"minecraft:bread":144,"minecraft:air":0,"minecraft:cartography_table":1,"iceandfire:dragonbone_sword_ice":1,"minecraft:lectern":1,"minecraft:paper":3,"minecraft:diamond_pickaxe":1,"minecraft:stick":12,"minecraft:iron_block":3,"minecraft:gold_ingot":27,"minecraft:anvil":1,"minecraft:white_bed":1,"minecraft:composter":2,"iceandfire:armor_green_boots":1},"minecraft:custom":{"minecraft:interact_with_anvil":11,"minecraft:mob_kills":74,"minecraft:inspect_hopper":2,"minecraft:interact_with_crafting_table":72,"minecraft:open_barrel":12,"minecraft:bell_ring":91,"minecraft:leave_game":8,"minecraft:time_since_death":132136,"minecraft:climb_one_cm":5859,"minecraft:sprint_one_cm":771152,"minecraft:walk_one_cm":544533,"minecraft:drop":84,"minecraft:talked_to_villager":43,"minecraft:play_time":275163,"minecraft:sneak_time":3262,"minecraft:deaths":9,"minecraft:walk_under_water_one_cm":15010,"minecraft:jump":6633,"minecraft:interact_with_blast_furnace":6,"minecraft:walk_on_water_one_cm":53527,"minecraft:total_world_time":275163,"minecraft:interact_with_furnace":70,"minecraft:traded_with_villager":7,"minecraft:interact_with_cartography_table":1,"minecraft:sleep_in_bed":23,"minecraft:time_since_rest":8458,"minecraft:damage_taken":5006,"minecraft:trigger_trapped_chest":12,"minecraft:damage_dealt":23237,"minecraft:swim_one_cm":42917,"minecraft:fly_one_cm":1286587,"minecraft:open_chest":220,"minecraft:crouch_one_cm":13818,"tombstone:undead_killed":47,"minecraft:fall_one_cm":163212},"minecraft:dropped":{"minecraft:enchanted_book":2,"minecraft:oak_slab":1,"minecraft:porkchop":2,"relics:spore_sack":2,"minecraft:wheat_seeds":2,"iceandfire:armor_green_leggings":1,"minecraft:mossy_cobblestone":2,"minecraft:glass_bottle":5,"minecraft:diamond":49,"minecraft:cracked_stone_bricks":2,"minecraft:spruce_stairs":1,"minecraft:cobblestone_stairs":1,"minecraft:dirt":14,"minecraft:diorite":1,"minecraft:brewing_stand":2,"iceandfire:armor_green_chestplate":1,"tombstone:grave_dust":4,"minecraft:potion":1,"minecraft:gold_nugget":5,"iceandfire:fire_dragon_blood":2,"minecraft:string":2,"minecraft:white_wool":1,"iceandfire:dragon_skull_fire":2,"minecraft:redstone":1,"iceandfire:silver_nugget":2,"tombstone:gift":3,"iceandfire:witherbone":20,"iceandfire:armor_green_helmet":1,"minecraft:rotten_flesh":33,"minecraft:stone_slab":3,"iceandfire:armor_green_boots":1,"minecraft:andesite":9,"minecraft:oak_sapling":9,"minecraft:spider_eye":2,"minecraft:stone_bricks":1,"iceandfire:fire_dragon_heart":2,"minecraft:bow":2,"minecraft:stone_brick_stairs":1,"minecraft:purple_carpet":1,"minecraft:egg":1},"minecraft:killed":{"minecraft:spider":4,"minecraft:skeleton":12,"iceandfire:fire_dragon":2,"minecraft:piglin_brute":4,"minecraft:piglin":6,"minecraft:pig":1,"minecraft:zombie_villager":1,"minecraft:iron_golem":2,"minecraft:hoglin":1,"minecraft:creeper":1,"minecraft:sheep":3,"minecraft:zombie":14,"iceandfire:ghost":20}},"DataVersion":3465}