{"stats":{"minecraft:killed":{"minecraft:cave_spider":7,"minecraft:pig":3,"minecraft:witch":1,"minecraft:zombie_villager":1,"minecraft:spider":1,"minecraft:sheep":3,"minecraft:skeleton":5,"minecraft:zombie":4,"tombstone:spectral_wolf":1,"minecraft:wither_skeleton":13,"minecraft:cow":5},"minecraft:dropped":{"minecraft:iron_sword":1,"minecraft:sweet_berries":2,"relics:spore_sack":2,"iceandfire:witherbone":2,"tombstone:gift":2,"minecraft:cobblestone":13,"minecraft:rotten_flesh":3,"minecraft:spruce_fence":3,"minecraft:pumpkin_seeds":2,"minecraft:coal":1,"minecraft:chainmail_chestplate":2,"minecraft:stick":1,"minecraft:smooth_quartz":1,"tombstone:essence_of_undeath":1,"minecraft:chainmail_boots":1,"minecraft:oak_sapling":2,"minecraft:diamond_boots":1,"tombstone:grave_dust":3,"minecraft:spider_eye":1,"minecraft:wooden_pickaxe":3,"minecraft:spruce_sapling":1},"minecraft:used":{"minecraft:stone_sword":70,"minecraft:stone_pickaxe":67,"minecraft:spruce_planks":4,"minecraft:wooden_pickaxe":14,"minecraft:chainmail_helmet":1,"minecraft:white_wool":3,"minecraft:golden_apple":3,"minecraft:dirt":18,"minecraft:mutton":4,"tombstone:scroll_of_aquatic_life":1,"minecraft:chainmail_chestplate":1,"minecraft:spruce_fence":2,"minecraft:redstone_torch":1,"minecraft:string":7,"minecraft:bread":26,"minecraft:iron_pickaxe":89,"minecraft:iron_helmet":1,"minecraft:iron_boots":1,"minecraft:diamond_sword":154,"minecraft:stone_axe":5,"minecraft:purple_bed":5,"minecraft:sweet_berries":22,"minecraft:chainmail_boots":2,"minecraft:porkchop":8,"minecraft:andesite":15,"tombstone:gift":1,"minecraft:enchanted_golden_apple":1,"minecraft:iron_leggings":1},"minecraft:crafted":{"minecraft:oak_planks":12,"minecraft:crafting_table":1,"minecraft:wooden_pickaxe":1,"minecraft:furnace":1,"minecraft:stone_axe":1,"minecraft:stick":4,"minecraft:stone_pickaxe":1,"minecraft:stone_sword":1},"minecraft:custom":{"minecraft:interact_with_furnace":1,"minecraft:mob_kills":45,"tombstone:raider_killed":1,"minecraft:tune_noteblock":2,"minecraft:interact_with_crafting_table":4,"minecraft:damage_dealt_resisted":3543,"minecraft:leave_game":1,"minecraft:time_since_death":2618,"minecraft:sleep_in_bed":2,"minecraft:climb_one_cm":4314,"minecraft:damage_resisted":82,"minecraft:time_since_rest":2391,"minecraft:sprint_one_cm":370763,"minecraft:damage_absorbed":369,"minecraft:damage_taken":5400,"minecraft:walk_one_cm":137183,"minecraft:drop":36,"minecraft:damage_dealt":10910,"tombstone:cast_on_ally":1,"minecraft:play_noteblock":2,"minecraft:swim_one_cm":18186,"minecraft:fly_one_cm":302478,"minecraft:player_kills":1,"minecraft:open_chest":68,"minecraft:play_time":150362,"minecraft:crouch_one_cm":846,"tombstone:undead_killed":24,"minecraft:deaths":11,"minecraft:sneak_time":1371,"minecraft:walk_under_water_one_cm":6670,"tombstone:tomb_raiding":1,"minecraft:jump":1896,"minecraft:walk_on_water_one_cm":1821,"minecraft:total_world_time":150362,"minecraft:fall_one_cm":38054},"minecraft:killed_by":{"minecraft:cave_spider":1,"minecraft:wither_skeleton":3,"minecraft:skeleton":4,"minecraft:spider":1,"minecraft:iron_golem":1},"minecraft:picked_up":{"iceandfire:witherbone":6,"minecraft:flower_pot":1,"minecraft:andesite":15,"minecraft:leather":5,"minecraft:diamond_sword":1,"minecraft:wooden_pickaxe":2,"minecraft:oak_log":3,"minecraft:chainmail_chestplate":1,"relics:spore_sack":2,"minecraft:dirt":18,"minecraft:string":22,"tombstone:familiar_receptacle":1,"tombstone:gift":1,"minecraft:bone":20,"minecraft:cyan_carpet":2,"minecraft:cobbled_deepslate":1,"minecraft:spruce_planks":6,"minecraft:spruce_wood":4,"minecraft:beef":5,"minecraft:stone_pickaxe":1,"minecraft:redstone_torch":1,"minecraft:smooth_quartz":10,"minecraft:iron_sword":1,"minecraft:book":8,"minecraft:stick":5,"minecraft:sweet_berries":18,"minecraft:spruce_stairs":1,"minecraft:spruce_fence":9,"minecraft:porkchop":8,"minecraft:spruce_sapling":1,"tombstone:grave_dust":5,"minecraft:diorite":1,"minecraft:redstone":9,"minecraft:spider_eye":2,"minecraft:pumpkin_seeds":3,"minecraft:arrow":7,"minecraft:purple_bed":5,"minecraft:rotten_flesh":4,"minecraft:granite":11,"tombstone:essence_of_undeath":1,"tombstone:magic_scroll":1,"minecraft:coal":3,"minecraft:oak_sapling":2,"minecraft:mutton":4,"minecraft:white_wool":3,"minecraft:cobblestone":69},"minecraft:mined":{"minecraft:spruce_planks":3,"minecraft:powder_snow":8,"minecraft:granite":11,"minecraft:grass_block":2,"minecraft:spruce_fence":6,"minecraft:cobblestone":8,"minecraft:spruce_leaves":16,"minecraft:diorite":1,"minecraft:spawner":37,"minecraft:spruce_stairs":1,"minecraft:purple_bed":5,"minecraft:redstone_ore":2,"minecraft:wheat":1,"minecraft:sweet_berry_bush":9,"minecraft:andesite":15,"minecraft:bookshelf":1,"minecraft:oak_log":4,"minecraft:cyan_carpet":2,"minecraft:dirt":16,"minecraft:smooth_quartz":9,"minecraft:cobweb":1,"minecraft:spruce_wood":4,"minecraft:stone":63,"minecraft:redstone_wall_torch":1,"minecraft:oak_leaves":6,"minecraft:deepslate":1}},"DataVersion":3465}