{"stats":{"minecraft:killed":{"minecraft:cave_spider":7,"minecraft:witch":1,"minecraft:spider":1,"minecraft:skeleton":6,"iceandfire:fire_dragon":1,"minecraft:silverfish":1,"minecraft:pig":3,"minecraft:zombie_villager":1,"minecraft:sheep":3,"iceandfire:ghost":1,"minecraft:zombie":5,"minecraft:stray":1,"tombstone:spectral_wolf":1,"minecraft:wither_skeleton":13,"minecraft:cow":5},"minecraft:dropped":{"minecraft:iron_sword":1,"relics:spore_sack":2,"minecraft:mossy_cobblestone":2,"minecraft:cobblestone":13,"minecraft:coal":1,"minecraft:stick":1,"minecraft:smooth_quartz":1,"tombstone:grave_dust":4,"minecraft:cyan_carpet":2,"minecraft:spruce_sapling":1,"iceandfire:dragonbone":1,"minecraft:gravel":1,"minecraft:sweet_berries":2,"iceandfire:witherbone":2,"tombstone:gift":2,"minecraft:rotten_flesh":5,"minecraft:spruce_fence":3,"minecraft:pumpkin_seeds":2,"minecraft:chainmail_chestplate":2,"minecraft:flower_pot":1,"minecraft:spruce_planks":1,"minecraft:chainmail_boots":1,"minecraft:oak_sapling":2,"minecraft:spider_eye":1,"tombstone:essence_of_undeath":1,"minecraft:diamond_boots":1,"minecraft:wooden_pickaxe":3},"minecraft:used":{"minecraft:stone_sword":70,"minecraft:spruce_planks":5,"minecraft:dirt":18,"minecraft:mutton":4,"tombstone:scroll_of_aquatic_life":1,"minecraft:chainmail_chestplate":1,"minecraft:spruce_fence":2,"minecraft:iron_helmet":1,"minecraft:iron_boots":1,"minecraft:sweet_berries":22,"tombstone:gift":1,"minecraft:enchanted_golden_apple":1,"minecraft:iron_leggings":1,"minecraft:stone_pickaxe":70,"minecraft:wooden_pickaxe":14,"minecraft:chainmail_helmet":1,"minecraft:white_wool":3,"minecraft:golden_apple":7,"minecraft:redstone_torch":1,"minecraft:bread":26,"minecraft:string":7,"minecraft:iron_pickaxe":89,"minecraft:stone_axe":5,"minecraft:diamond_sword":199,"minecraft:purple_bed":5,"minecraft:chainmail_boots":2,"minecraft:cooked_porkchop":6,"minecraft:porkchop":8,"minecraft:andesite":15},"minecraft:crafted":{"minecraft:oak_planks":12,"minecraft:furnace":1,"minecraft:stone_pickaxe":1,"minecraft:crafting_table":1,"minecraft:wooden_pickaxe":1,"minecraft:stone_axe":1,"minecraft:stick":4,"minecraft:stone_sword":1},"minecraft:custom":{"minecraft:interact_with_smithing_table":1,"minecraft:mob_kills":52,"minecraft:interact_with_crafting_table":4,"minecraft:damage_dealt_resisted":3543,"minecraft:leave_game":2,"minecraft:time_since_death":12537,"minecraft:climb_one_cm":4314,"minecraft:damage_resisted":82,"minecraft:sprint_one_cm":427170,"minecraft:walk_one_cm":158624,"minecraft:drop":47,"minecraft:play_noteblock":2,"minecraft:play_time":165767,"minecraft:deaths":12,"minecraft:sneak_time":3490,"minecraft:walk_under_water_one_cm":6670,"tombstone:tomb_raiding":1,"minecraft:jump":2385,"minecraft:walk_on_water_one_cm":1821,"minecraft:total_world_time":165767,"minecraft:interact_with_furnace":1,"tombstone:raider_killed":1,"minecraft:tune_noteblock":2,"minecraft:sleep_in_bed":5,"minecraft:time_since_rest":240,"minecraft:damage_taken":7193,"minecraft:damage_absorbed":466,"minecraft:trigger_trapped_chest":1,"minecraft:damage_dealt":13582,"tombstone:cast_on_ally":1,"minecraft:swim_one_cm":18186,"minecraft:fly_one_cm":427100,"minecraft:player_kills":1,"minecraft:open_chest":70,"minecraft:crouch_one_cm":1267,"tombstone:undead_killed":28,"minecraft:fall_one_cm":58330},"minecraft:killed_by":{"minecraft:wither_skeleton":4,"minecraft:spider":1,"minecraft:iron_golem":1,"minecraft:cave_spider":1,"minecraft:skeleton":4},"minecraft:picked_up":{"iceandfire:witherbone":6,"minecraft:flower_pot":1,"minecraft:diamond_sword":1,"minecraft:wooden_pickaxe":2,"minecraft:string":22,"minecraft:cyan_carpet":3,"minecraft:cobbled_deepslate":1,"minecraft:spruce_planks":6,"minecraft:beef":5,"minecraft:redstone_torch":1,"minecraft:smooth_quartz":10,"iceandfire:dragonscales_green":30,"minecraft:stick":5,"iceandfire:dragonbone":6,"minecraft:spruce_stairs":1,"minecraft:spruce_fence":9,"minecraft:porkchop":8,"tombstone:grave_dust":5,"minecraft:diorite":1,"minecraft:redstone":9,"minecraft:arrow":9,"minecraft:rotten_flesh":5,"iceandfire:fire_dragon_heart":1,"tombstone:essence_of_undeath":1,"minecraft:mutton":4,"minecraft:white_wool":3,"minecraft:cobblestone":69,"minecraft:andesite":15,"minecraft:leather":5,"minecraft:oak_log":3,"minecraft:chainmail_chestplate":1,"relics:spore_sack":2,"minecraft:dirt":18,"tombstone:familiar_receptacle":1,"tombstone:gift":1,"minecraft:bone":21,"minecraft:wheat_seeds":6,"minecraft:spruce_wood":4,"minecraft:stone_pickaxe":1,"minecraft:iron_sword":1,"minecraft:book":8,"minecraft:sweet_berries":18,"minecraft:gravel":1,"minecraft:spruce_sapling":1,"minecraft:spider_eye":2,"minecraft:mossy_cobblestone":2,"minecraft:pumpkin_seeds":3,"minecraft:purple_bed":5,"minecraft:granite":11,"minecraft:golden_apple":1,"tombstone:magic_scroll":1,"minecraft:oak_sapling":2,"minecraft:coal":3},"minecraft:broken":{"minecraft:chainmail_helmet":1},"minecraft:mined":{"minecraft:spruce_planks":3,"minecraft:mossy_cobblestone":1,"minecraft:granite":11,"minecraft:grass_block":2,"minecraft:spruce_fence":6,"minecraft:infested_cobblestone":1,"minecraft:spruce_leaves":16,"minecraft:spawner":37,"minecraft:redstone_ore":2,"minecraft:fire":3,"minecraft:andesite":15,"minecraft:bookshelf":1,"minecraft:spruce_wood":4,"minecraft:stone":63,"minecraft:redstone_wall_torch":1,"minecraft:powder_snow":8,"minecraft:tall_grass":3,"minecraft:cobblestone":8,"minecraft:diorite":1,"minecraft:spruce_stairs":1,"minecraft:purple_bed":5,"minecraft:sweet_berry_bush":9,"minecraft:wheat":1,"minecraft:grass":6,"minecraft:oak_log":4,"minecraft:dirt":17,"minecraft:cyan_carpet":2,"minecraft:smooth_quartz":9,"minecraft:cobweb":1,"minecraft:oak_leaves":6,"minecraft:deepslate":1}},"DataVersion":3465}