{"stats":{"minecraft:killed":{"minecraft:cave_spider":7,"minecraft:witch":1,"minecraft:spider":1,"minecraft:skeleton":8,"iceandfire:fire_dragon":1,"minecraft:silverfish":1,"minecraft:husk":13,"minecraft:pig":3,"minecraft:zombie_villager":1,"minecraft:sheep":3,"minecraft:zombie":6,"iceandfire:ghost":1,"minecraft:stray":1,"tombstone:spectral_wolf":1,"iceandfire:ice_dragon":1,"minecraft:wither_skeleton":13,"minecraft:cow":5},"minecraft:dropped":{"iceandfire:dragonscales_sapphire":1,"minecraft:iron_sword":1,"relics:spore_sack":2,"minecraft:wheat_seeds":8,"minecraft:mossy_cobblestone":2,"iceandfire:dragonscales_green":2,"minecraft:diamond_leggings":1,"minecraft:cobblestone":13,"iceandfire:ice_dragon_flesh":5,"minecraft:coal":11,"minecraft:stick":2,"tombstone:grave_key":1,"minecraft:smooth_quartz":10,"minecraft:snowball":11,"iceandfire:armor_silver_metal_chestplate":1,"tombstone:grave_dust":8,"minecraft:string":1,"minecraft:bone":8,"minecraft:spruce_sapling":3,"minecraft:cyan_carpet":2,"iceandfire:dragonbone":6,"minecraft:gravel":1,"iceandfire:silver_nugget":176,"minecraft:sweet_berries":2,"minecraft:player_head":1,"tombstone:gift":3,"iceandfire:witherbone":3,"iceandfire:armor_green_helmet":1,"minecraft:rotten_flesh":28,"iceandfire:dragon_skull_ice":1,"minecraft:spruce_fence":3,"minecraft:pumpkin_seeds":2,"minecraft:chainmail_chestplate":2,"minecraft:diamond_sword":1,"minecraft:poppy":1,"minecraft:flower_pot":1,"minecraft:diamond_chestplate":1,"minecraft:spruce_planks":1,"minecraft:oak_sapling":2,"minecraft:ladder":1,"minecraft:chainmail_boots":1,"minecraft:spider_eye":1,"tombstone:essence_of_undeath":1,"minecraft:diamond_boots":2,"minecraft:iron_bars":1,"minecraft:arrow":1,"iceandfire:fire_dragon_heart":1,"minecraft:wooden_pickaxe":3},"minecraft:used":{"minecraft:stone_sword":70,"minecraft:chest":2,"minecraft:spruce_planks":5,"minecraft:dirt":18,"minecraft:mutton":4,"tombstone:scroll_of_aquatic_life":1,"minecraft:chainmail_chestplate":1,"minecraft:spruce_fence":2,"minecraft:iron_helmet":1,"minecraft:iron_boots":1,"minecraft:sweet_berries":22,"tombstone:gift":1,"minecraft:enchanted_golden_apple":1,"minecraft:iron_leggings":1,"minecraft:stone_pickaxe":85,"minecraft:wooden_pickaxe":14,"minecraft:chainmail_helmet":1,"minecraft:white_wool":3,"minecraft:golden_apple":9,"minecraft:crafting_table":1,"minecraft:redstone_torch":1,"minecraft:string":7,"minecraft:bread":26,"minecraft:iron_pickaxe":89,"minecraft:stone_axe":5,"minecraft:diamond_sword":332,"minecraft:purple_bed":5,"minecraft:chainmail_boots":2,"minecraft:porkchop":8,"minecraft:cooked_porkchop":22,"minecraft:andesite":15},"minecraft:crafted":{"minecraft:oak_planks":12,"iceandfire:armor_green_leggings":1,"minecraft:furnace":1,"iceandfire:armor_green_helmet":2,"minecraft:stone_pickaxe":1,"minecraft:chest":2,"minecraft:crafting_table":2,"minecraft:spruce_planks":24,"minecraft:wooden_pickaxe":1,"iceandfire:armor_green_chestplate":1,"minecraft:stone_axe":1,"minecraft:stick":4,"minecraft:stone_sword":1,"iceandfire:armor_green_boots":1},"minecraft:custom":{"minecraft:interact_with_smithing_table":1,"minecraft:mob_kills":69,"minecraft:interact_with_crafting_table":15,"minecraft:open_barrel":2,"minecraft:damage_dealt_resisted":3543,"minecraft:leave_game":6,"minecraft:time_since_death":10942,"minecraft:climb_one_cm":5039,"minecraft:damage_resisted":82,"minecraft:sprint_one_cm":529557,"minecraft:walk_one_cm":224039,"minecraft:drop":100,"minecraft:play_noteblock":2,"minecraft:play_time":209425,"minecraft:deaths":17,"minecraft:sneak_time":3730,"minecraft:walk_under_water_one_cm":13307,"tombstone:tomb_raiding":1,"minecraft:jump":3206,"minecraft:interact_with_blast_furnace":1,"minecraft:walk_on_water_one_cm":6194,"minecraft:total_world_time":209425,"minecraft:interact_with_furnace":1,"tombstone:raider_killed":1,"minecraft:tune_noteblock":2,"minecraft:sleep_in_bed":8,"minecraft:time_since_rest":8744,"minecraft:damage_taken":9985,"minecraft:damage_absorbed":547,"minecraft:trigger_trapped_chest":1,"minecraft:damage_dealt":20462,"tombstone:cast_on_ally":1,"minecraft:player_kills":1,"minecraft:swim_one_cm":33500,"minecraft:fly_one_cm":564216,"minecraft:open_chest":76,"minecraft:crouch_one_cm":2440,"tombstone:undead_killed":44,"minecraft:fall_one_cm":75627},"minecraft:picked_up":{"minecraft:ladder":1,"iceandfire:witherbone":6,"minecraft:flower_pot":1,"minecraft:diamond_sword":2,"minecraft:wooden_pickaxe":2,"tombstone:grave_key":1,"iceandfire:armor_silver_metal_chestplate":1,"minecraft:string":23,"minecraft:cyan_carpet":3,"minecraft:cobbled_deepslate":1,"minecraft:spruce_planks":6,"minecraft:beef":5,"minecraft:redstone_torch":1,"minecraft:poppy":1,"minecraft:smooth_quartz":16,"minecraft:coal_block":12,"iceandfire:ice_dragon_heart":2,"minecraft:stick":6,"iceandfire:dragonbone":22,"iceandfire:dragonscales_green":32,"iceandfire:dragonscales_white":14,"minecraft:spruce_stairs":1,"minecraft:spruce_fence":9,"minecraft:porkchop":8,"tombstone:grave_dust":9,"minecraft:diorite":1,"minecraft:redstone":9,"iceandfire:dragon_skull_ice":1,"minecraft:arrow":11,"minecraft:rotten_flesh":30,"iceandfire:fire_dragon_heart":2,"tombstone:essence_of_undeath":1,"minecraft:mutton":4,"minecraft:iron_bars":1,"minecraft:snowball":11,"minecraft:white_wool":3,"minecraft:cobblestone":69,"minecraft:andesite":15,"minecraft:leather":5,"minecraft:potato":1,"minecraft:oak_log":3,"minecraft:chainmail_chestplate":1,"relics:spore_sack":4,"minecraft:dirt":18,"tombstone:familiar_receptacle":1,"tombstone:gift":1,"iceandfire:ice_dragon_blood":2,"minecraft:bone":47,"minecraft:wheat_seeds":6,"minecraft:spruce_wood":4,"minecraft:stone_pickaxe":1,"minecraft:iron_sword":1,"minecraft:book":11,"minecraft:cooked_porkchop":1,"minecraft:sweet_berries":18,"iceandfire:dragonscales_sapphire":11,"minecraft:gravel":1,"minecraft:spruce_sapling":6,"minecraft:spruce_log":6,"minecraft:spider_eye":2,"minecraft:mossy_cobblestone":2,"minecraft:pumpkin_seeds":3,"minecraft:purple_bed":5,"minecraft:granite":11,"minecraft:golden_apple":1,"iceandfire:ice_dragon_flesh":5,"minecraft:bread":8,"tombstone:magic_scroll":1,"minecraft:oak_sapling":2,"iceandfire:silver_nugget":176,"minecraft:coal":11},"minecraft:killed_by":{"minecraft:husk":4,"minecraft:wither_skeleton":4,"minecraft:spider":1,"minecraft:iron_golem":1,"minecraft:cave_spider":1,"iceandfire:ice_dragon":1,"minecraft:skeleton":4},"minecraft:broken":{"minecraft:chainmail_helmet":1},"minecraft:mined":{"minecraft:spruce_planks":3,"minecraft:mossy_cobblestone":1,"minecraft:granite":11,"minecraft:grass_block":2,"minecraft:spruce_fence":6,"minecraft:infested_cobblestone":1,"minecraft:coal_block":12,"minecraft:spruce_leaves":30,"minecraft:spawner":39,"minecraft:large_fern":1,"minecraft:tall_seagrass":1,"minecraft:redstone_ore":2,"minecraft:fire":4,"minecraft:andesite":15,"minecraft:bookshelf":1,"minecraft:spruce_wood":4,"minecraft:stone":63,"minecraft:redstone_wall_torch":1,"minecraft:powder_snow":8,"iceandfire:frozen_gravel":1,"iceandfire:frozen_dirt":1,"minecraft:tall_grass":3,"minecraft:cobblestone":8,"minecraft:diorite":1,"minecraft:spruce_stairs":1,"minecraft:seagrass":1,"minecraft:purple_bed":6,"minecraft:wheat":1,"minecraft:sweet_berry_bush":9,"minecraft:spruce_log":7,"minecraft:grass":6,"minecraft:oak_log":4,"minecraft:cyan_carpet":2,"minecraft:dirt":17,"minecraft:smooth_quartz":9,"minecraft:cobweb":1,"minecraft:oak_leaves":6,"minecraft:deepslate":1}},"DataVersion":3465}