{"stats":{"minecraft:killed":{"minecraft:cave_spider":12,"minecraft:spider":11,"minecraft:skeleton":6,"minecraft:fox":1,"minecraft:rabbit":1,"minecraft:iron_golem":1,"minecraft:creeper":1,"minecraft:zombie":5,"tombstone:spectral_wolf":1,"iceandfire:ice_dragon":1,"minecraft:wither_skeleton":43,"minecraft:villager":1},"minecraft:dropped":{"minecraft:iron_sword":3,"tombstone:tablet_of_home":1,"minecraft:diamond_leggings":1,"minecraft:cobblestone":2,"minecraft:book":3,"minecraft:spruce_stairs":1,"minecraft:golden_apple":1,"minecraft:dirt":4,"tombstone:bag_of_seeds":1,"minecraft:dark_oak_wood":1,"minecraft:rose_bush":5,"minecraft:rabbit":1,"minecraft:smooth_quartz":2,"tombstone:grave_dust":8,"minecraft:chainmail_leggings":3,"tombstone:familiar_receptacle":2,"minecraft:cyan_carpet":23,"minecraft:spruce_sapling":1,"minecraft:bone":75,"iceandfire:silver_nugget":166,"minecraft:sweet_berries":44,"minecraft:stone_sword":1,"tombstone:gift":6,"minecraft:rotten_flesh":4,"minecraft:name_tag":1,"minecraft:spruce_fence":10,"minecraft:chainmail_chestplate":2,"iceandfire:dragon_ice":6,"minecraft:diamond_sword":2,"minecraft:spruce_planks":1,"minecraft:chainmail_boots":3,"minecraft:spider_eye":2,"tombstone:essence_of_undeath":1,"minecraft:diamond_boots":2,"minecraft:stone_pickaxe":1,"minecraft:wooden_pickaxe":4,"iceandfire:ice_dragon_blood":1},"minecraft:used":{"minecraft:stone_sword":56,"minecraft:iron_sword":24,"minecraft:torch":68,"minecraft:dirt":24,"minecraft:golden_carrot":25,"minecraft:bow":5,"minecraft:sweet_berries":57,"minecraft:furnace":1,"minecraft:stone_pickaxe":106,"minecraft:wooden_pickaxe":20,"minecraft:blue_bed":3,"minecraft:white_wool":2,"minecraft:golden_apple":5,"minecraft:crafting_table":2,"minecraft:bread":37,"minecraft:diamond_sword":470,"minecraft:cobblestone":8,"minecraft:experience_bottle":22},"minecraft:crafted":{"minecraft:oak_planks":24,"minecraft:furnace":1,"minecraft:glass":15,"minecraft:stone_pickaxe":2,"minecraft:glass_bottle":9,"minecraft:diamond_sword":1,"minecraft:crafting_table":2,"minecraft:wooden_pickaxe":2,"minecraft:birch_planks":24,"minecraft:air":0,"minecraft:stick":36,"minecraft:stone_sword":1,"minecraft:torch":84},"minecraft:custom":{"minecraft:mob_kills":84,"minecraft:interact_with_anvil":1,"minecraft:interact_with_crafting_table":13,"minecraft:damage_dealt_resisted":4690,"minecraft:leave_game":6,"minecraft:time_since_death":532,"minecraft:climb_one_cm":7600,"minecraft:sprint_one_cm":639378,"minecraft:walk_one_cm":335956,"minecraft:drop":77,"minecraft:play_time":131601,"minecraft:deaths":29,"minecraft:sneak_time":2194,"minecraft:walk_under_water_one_cm":8196,"minecraft:jump":3068,"minecraft:walk_on_water_one_cm":13240,"minecraft:total_world_time":131601,"minecraft:interact_with_furnace":8,"minecraft:tune_noteblock":21,"minecraft:sleep_in_bed":4,"minecraft:time_since_rest":58,"minecraft:damage_taken":12597,"minecraft:damage_absorbed":200,"minecraft:damage_dealt":31574,"tombstone:cast_on_ally":2,"minecraft:swim_one_cm":48294,"minecraft:fly_one_cm":571155,"minecraft:open_chest":65,"minecraft:crouch_one_cm":2757,"tombstone:undead_killed":55,"tombstone:villager_killed":1,"minecraft:fall_one_cm":62989},"minecraft:killed_by":{"minecraft:player":1,"minecraft:wither_skeleton":9,"minecraft:cave_spider":2,"iceandfire:ice_dragon":4,"minecraft:skeleton":9,"iceandfire:fire_dragon":2},"minecraft:picked_up":{"iceandfire:witherbone":19,"minecraft:diamond_sword":2,"minecraft:wooden_pickaxe":2,"iceandfire:frozen_grass":2,"minecraft:string":23,"minecraft:cyan_carpet":23,"minecraft:diamond_leggings":1,"minecraft:gold_nugget":12,"minecraft:spruce_planks":3,"minecraft:rose_bush":3,"minecraft:smooth_quartz":13,"minecraft:stick":2,"iceandfire:dragonbone":23,"minecraft:spruce_stairs":2,"minecraft:spruce_fence":10,"tombstone:grave_dust":10,"iceandfire:dragon_skull_ice":1,"minecraft:arrow":12,"minecraft:rotten_flesh":4,"minecraft:diamond_chestplate":1,"minecraft:deepslate_bricks":1,"minecraft:diamond_boots":2,"tombstone:essence_of_undeath":1,"iceandfire:armor_green_helmet":1,"minecraft:white_wool":2,"minecraft:cobblestone":26,"minecraft:birch_log":6,"minecraft:feather":2,"minecraft:oak_log":6,"minecraft:wither_skeleton_skull":1,"minecraft:blue_bed":3,"minecraft:dirt":30,"tombstone:familiar_receptacle":1,"tombstone:gift":1,"minecraft:bone":45,"minecraft:bow":2,"minecraft:iron_ingot":3,"tombstone:bag_of_seeds":1,"minecraft:rabbit":1,"iceandfire:fire_dragon_flesh":1,"minecraft:book":3,"minecraft:sweet_berries":139,"minecraft:sand":15,"minecraft:spruce_sapling":1,"minecraft:blast_furnace":2,"minecraft:spider_eye":5,"minecraft:chainmail_leggings":1,"iceandfire:dragon_ice":6,"tombstone:magic_scroll":1,"minecraft:dark_oak_wood":1,"iceandfire:silver_nugget":134,"minecraft:coal":36},"minecraft:broken":{"minecraft:iron_boots":1,"minecraft:chainmail_helmet":1},"minecraft:mined":{"minecraft:spruce_planks":1,"minecraft:spruce_fence":5,"minecraft:grass_block":9,"iceandfire:frozen_grass":2,"minecraft:coal_block":1,"minecraft:deepslate_bricks":1,"minecraft:spruce_leaves":37,"iceandfire:dragon_ice":6,"minecraft:spawner":15,"minecraft:tall_seagrass":1,"minecraft:fire":12,"minecraft:iron_bars":1,"minecraft:stone":39,"minecraft:white_wool":2,"minecraft:powder_snow":7,"minecraft:dark_oak_wood":1,"minecraft:blast_furnace":2,"minecraft:rose_bush":4,"iceandfire:frozen_dirt":3,"minecraft:cobblestone":2,"minecraft:diorite":1,"minecraft:blue_bed":3,"minecraft:seagrass":1,"minecraft:spruce_stairs":1,"minecraft:birch_log":6,"minecraft:ice":10,"minecraft:sweet_berry_bush":40,"minecraft:birch_leaves":2,"minecraft:grass":2,"minecraft:oak_log":5,"minecraft:coal_ore":23,"minecraft:dirt":23,"minecraft:cyan_carpet":8,"minecraft:sand":15,"minecraft:smooth_quartz":2,"minecraft:oak_leaves":1,"minecraft:fern":2}},"DataVersion":3465}