{"stats":{"minecraft:killed":{"minecraft:cave_spider":4,"minecraft:spider":1,"minecraft:iron_golem":1,"minecraft:skeleton":1,"minecraft:zombie":1,"minecraft:fox":1,"minecraft:wither_skeleton":12},"minecraft:dropped":{"minecraft:iron_sword":1,"minecraft:stone_sword":1,"tombstone:gift":1,"minecraft:chainmail_chestplate":1,"minecraft:spruce_planks":1,"minecraft:rose_bush":1,"minecraft:chainmail_boots":2,"tombstone:grave_dust":1,"minecraft:spider_eye":1,"minecraft:wooden_pickaxe":3,"minecraft:cyan_carpet":1},"minecraft:used":{"minecraft:stone_sword":56,"minecraft:stone_pickaxe":45,"minecraft:wooden_pickaxe":5,"minecraft:iron_sword":24,"minecraft:blue_bed":3,"minecraft:torch":17,"minecraft:dirt":11,"minecraft:crafting_table":1,"minecraft:bread":1,"minecraft:diamond_sword":97,"minecraft:golden_carrot":8,"minecraft:cobblestone":7,"minecraft:sweet_berries":57},"minecraft:crafted":{"minecraft:oak_planks":24,"minecraft:diamond_sword":1,"minecraft:crafting_table":1,"minecraft:wooden_pickaxe":1,"minecraft:stick":28,"minecraft:stone_pickaxe":1,"minecraft:stone_sword":1,"minecraft:torch":60},"minecraft:custom":{"minecraft:mob_kills":21,"minecraft:interact_with_crafting_table":8,"minecraft:damage_dealt_resisted":1290,"minecraft:leave_game":4,"minecraft:time_since_death":815,"minecraft:sleep_in_bed":2,"minecraft:climb_one_cm":4441,"minecraft:time_since_rest":507,"minecraft:sprint_one_cm":269062,"minecraft:damage_taken":3015,"minecraft:walk_one_cm":120474,"minecraft:drop":14,"minecraft:damage_dealt":6961,"minecraft:swim_one_cm":41291,"minecraft:fly_one_cm":188626,"minecraft:open_chest":12,"minecraft:crouch_one_cm":1222,"minecraft:play_time":48306,"tombstone:undead_killed":14,"minecraft:deaths":7,"minecraft:sneak_time":1019,"minecraft:walk_under_water_one_cm":3079,"minecraft:jump":1257,"minecraft:walk_on_water_one_cm":7853,"minecraft:total_world_time":48306,"minecraft:fall_one_cm":17472},"minecraft:killed_by":{"minecraft:player":1,"minecraft:cave_spider":1,"minecraft:wither_skeleton":3,"minecraft:skeleton":1},"minecraft:picked_up":{"iceandfire:witherbone":5,"minecraft:wooden_pickaxe":2,"minecraft:oak_log":6,"minecraft:wither_skeleton_skull":1,"minecraft:string":10,"minecraft:blue_bed":3,"minecraft:dirt":16,"minecraft:bone":10,"minecraft:cyan_carpet":4,"minecraft:bow":1,"minecraft:spruce_planks":1,"minecraft:iron_ingot":3,"minecraft:rose_bush":1,"tombstone:bag_of_seeds":1,"minecraft:smooth_quartz":2,"iceandfire:dragonbone":17,"minecraft:sweet_berries":95,"minecraft:spruce_fence":2,"tombstone:grave_dust":1,"minecraft:spruce_sapling":1,"minecraft:spider_eye":1,"iceandfire:dragon_skull_ice":1,"minecraft:arrow":3,"tombstone:magic_scroll":1,"minecraft:dark_oak_wood":1,"minecraft:coal":27,"minecraft:white_wool":2,"minecraft:cobblestone":14},"minecraft:mined":{"minecraft:spruce_planks":1,"minecraft:powder_snow":7,"minecraft:dark_oak_wood":1,"minecraft:grass_block":5,"minecraft:spruce_fence":2,"minecraft:rose_bush":2,"minecraft:cobblestone":2,"minecraft:spruce_leaves":33,"minecraft:blue_bed":3,"minecraft:spawner":11,"minecraft:sweet_berry_bush":40,"minecraft:birch_leaves":1,"minecraft:grass":1,"minecraft:oak_log":5,"minecraft:coal_ore":21,"minecraft:cyan_carpet":4,"minecraft:dirt":11,"minecraft:smooth_quartz":2,"minecraft:stone":10,"minecraft:white_wool":2,"minecraft:oak_leaves":1,"minecraft:fern":1}},"DataVersion":3465}