{"stats":{"minecraft:killed":{"minecraft:cave_spider":12,"minecraft:rabbit":1,"minecraft:spider":11,"minecraft:iron_golem":1,"minecraft:creeper":1,"minecraft:skeleton":4,"minecraft:zombie":3,"minecraft:fox":1,"tombstone:spectral_wolf":1,"minecraft:wither_skeleton":43},"minecraft:dropped":{"minecraft:iron_sword":3,"minecraft:sweet_berries":44,"minecraft:stone_sword":1,"tombstone:gift":5,"minecraft:rotten_flesh":1,"minecraft:name_tag":1,"minecraft:spruce_stairs":1,"minecraft:spruce_fence":10,"minecraft:golden_apple":1,"minecraft:chainmail_chestplate":1,"minecraft:diamond_sword":2,"tombstone:bag_of_seeds":1,"minecraft:spruce_planks":1,"minecraft:dark_oak_wood":1,"minecraft:rose_bush":5,"minecraft:smooth_quartz":2,"minecraft:chainmail_boots":3,"tombstone:grave_dust":8,"minecraft:spider_eye":2,"tombstone:essence_of_undeath":1,"minecraft:wooden_pickaxe":3,"minecraft:stone_pickaxe":1,"minecraft:chainmail_leggings":3,"tombstone:familiar_receptacle":2,"minecraft:spruce_sapling":1,"minecraft:cyan_carpet":23},"minecraft:used":{"minecraft:stone_sword":56,"minecraft:stone_pickaxe":55,"minecraft:wooden_pickaxe":5,"minecraft:blue_bed":3,"minecraft:iron_sword":24,"minecraft:torch":63,"minecraft:white_wool":2,"minecraft:golden_apple":5,"minecraft:dirt":24,"minecraft:crafting_table":1,"minecraft:bread":21,"minecraft:diamond_sword":403,"minecraft:golden_carrot":25,"minecraft:cobblestone":7,"minecraft:bow":5,"minecraft:sweet_berries":57,"minecraft:experience_bottle":22},"minecraft:crafted":{"minecraft:oak_planks":24,"minecraft:diamond_sword":1,"minecraft:crafting_table":1,"minecraft:wooden_pickaxe":1,"minecraft:stick":28,"minecraft:stone_pickaxe":1,"minecraft:stone_sword":1,"minecraft:torch":84},"minecraft:custom":{"minecraft:interact_with_anvil":1,"minecraft:mob_kills":78,"minecraft:interact_with_crafting_table":8,"minecraft:tune_noteblock":21,"minecraft:damage_dealt_resisted":4690,"minecraft:leave_game":6,"minecraft:time_since_death":2062,"minecraft:sleep_in_bed":3,"minecraft:climb_one_cm":7600,"minecraft:time_since_rest":240,"minecraft:damage_absorbed":200,"minecraft:sprint_one_cm":522534,"minecraft:damage_taken":10806,"minecraft:walk_one_cm":281842,"minecraft:drop":50,"minecraft:damage_dealt":27194,"tombstone:cast_on_ally":2,"minecraft:swim_one_cm":41291,"minecraft:fly_one_cm":397701,"minecraft:open_chest":63,"minecraft:play_time":101601,"minecraft:crouch_one_cm":1993,"tombstone:undead_killed":51,"minecraft:deaths":25,"minecraft:sneak_time":1352,"minecraft:walk_under_water_one_cm":3079,"minecraft:jump":2296,"minecraft:walk_on_water_one_cm":7853,"minecraft:total_world_time":101601,"minecraft:fall_one_cm":40982},"minecraft:killed_by":{"minecraft:player":1,"minecraft:cave_spider":2,"minecraft:wither_skeleton":9,"iceandfire:ice_dragon":1,"minecraft:skeleton":8,"iceandfire:fire_dragon":2},"minecraft:picked_up":{"minecraft:feather":2,"iceandfire:witherbone":19,"minecraft:diamond_sword":2,"minecraft:wooden_pickaxe":2,"minecraft:oak_log":6,"minecraft:wither_skeleton_skull":1,"minecraft:dirt":26,"minecraft:blue_bed":3,"minecraft:string":23,"tombstone:familiar_receptacle":1,"tombstone:gift":1,"minecraft:bone":43,"minecraft:cyan_carpet":23,"minecraft:bow":2,"minecraft:gold_nugget":12,"minecraft:spruce_planks":3,"minecraft:iron_ingot":3,"minecraft:rose_bush":3,"tombstone:bag_of_seeds":1,"minecraft:smooth_quartz":10,"minecraft:rabbit":1,"iceandfire:fire_dragon_flesh":1,"minecraft:book":3,"iceandfire:dragonbone":20,"minecraft:sweet_berries":139,"minecraft:spruce_stairs":2,"minecraft:spruce_fence":10,"minecraft:spruce_sapling":1,"tombstone:grave_dust":10,"minecraft:spider_eye":5,"iceandfire:dragon_skull_ice":1,"minecraft:arrow":7,"minecraft:rotten_flesh":1,"minecraft:chainmail_leggings":1,"minecraft:diamond_boots":1,"tombstone:essence_of_undeath":1,"iceandfire:silver_nugget":96,"tombstone:magic_scroll":1,"minecraft:dark_oak_wood":1,"minecraft:coal":34,"minecraft:white_wool":2,"minecraft:cobblestone":14},"minecraft:broken":{"minecraft:iron_boots":1,"minecraft:chainmail_helmet":1},"minecraft:mined":{"minecraft:spruce_planks":1,"minecraft:powder_snow":7,"minecraft:dark_oak_wood":1,"minecraft:grass_block":5,"minecraft:spruce_fence":5,"minecraft:rose_bush":4,"minecraft:cobblestone":2,"minecraft:spruce_leaves":34,"minecraft:blue_bed":3,"minecraft:spawner":15,"minecraft:spruce_stairs":1,"minecraft:fire":10,"minecraft:sweet_berry_bush":40,"minecraft:birch_leaves":1,"minecraft:grass":1,"minecraft:coal_ore":21,"minecraft:oak_log":5,"minecraft:cyan_carpet":8,"minecraft:smooth_quartz":2,"minecraft:dirt":21,"minecraft:stone":10,"minecraft:white_wool":2,"minecraft:oak_leaves":1,"minecraft:fern":1}},"DataVersion":3465}