{"stats":{"minecraft:used":{"minecraft:stone_sword":56,"minecraft:iron_sword":24,"minecraft:torch":72,"minecraft:dirt":24,"iceandfire:frozen_grass":2,"minecraft:bow":5,"minecraft:golden_carrot":30,"minecraft:sweet_berries":57,"minecraft:furnace":1,"minecraft:stone_pickaxe":121,"iceandfire:dragonbone_sword_ice":27,"minecraft:wooden_pickaxe":20,"minecraft:blue_bed":3,"minecraft:white_wool":2,"minecraft:golden_apple":5,"minecraft:crafting_table":2,"iceandfire:dragonbone_sword_fire":20,"minecraft:bread":54,"minecraft:diamond_sword":523,"minecraft:cobblestone":16,"minecraft:bucket":1,"minecraft:experience_bottle":22},"minecraft:killed_by":{"minecraft:player":1,"minecraft:wither_skeleton":9,"minecraft:cave_spider":2,"iceandfire:ice_dragon":5,"minecraft:skeleton":9,"iceandfire:fire_dragon":2},"minecraft:picked_up":{"iceandfire:witherbone":39,"minecraft:diamond_sword":2,"minecraft:wooden_pickaxe":2,"minecraft:enchanted_book":2,"iceandfire:frozen_grass":2,"minecraft:string":23,"minecraft:cyan_carpet":25,"minecraft:diamond_leggings":1,"minecraft:gold_nugget":12,"minecraft:spruce_planks":3,"minecraft:rose_bush":3,"minecraft:smooth_quartz":13,"minecraft:egg":1,"minecraft:stick":3,"iceandfire:dragonbone":23,"minecraft:spruce_stairs":2,"minecraft:spruce_fence":10,"tombstone:grave_dust":11,"iceandfire:dragon_skull_ice":1,"minecraft:arrow":18,"minecraft:diamond_chestplate":1,"minecraft:rotten_flesh":10,"minecraft:diamond_boots":2,"minecraft:deepslate_bricks":1,"tombstone:essence_of_undeath":1,"iceandfire:armor_green_helmet":1,"minecraft:white_wool":2,"minecraft:cobblestone":34,"minecraft:birch_log":6,"minecraft:feather":2,"minecraft:oak_log":6,"minecraft:wither_skeleton_skull":1,"relics:spore_sack":1,"minecraft:dirt":31,"minecraft:blue_bed":3,"tombstone:familiar_receptacle":1,"tombstone:gift":2,"minecraft:bone":49,"minecraft:bow":2,"minecraft:iron_ingot":3,"tombstone:bag_of_seeds":1,"minecraft:rabbit":1,"iceandfire:fire_dragon_flesh":1,"minecraft:book":3,"minecraft:sweet_berries":139,"minecraft:sand":15,"minecraft:spruce_sapling":1,"minecraft:blast_furnace":3,"minecraft:spruce_log":2,"minecraft:spider_eye":5,"iceandfire:fire_dragon_blood":1,"minecraft:chainmail_leggings":1,"iceandfire:dragon_ice":7,"tombstone:magic_scroll":3,"minecraft:dark_oak_wood":1,"iceandfire:silver_nugget":134,"minecraft:coal":38},"minecraft:killed":{"minecraft:cave_spider":12,"minecraft:spider":11,"minecraft:skeleton":9,"minecraft:fox":1,"minecraft:piglin_brute":4,"minecraft:husk":9,"minecraft:rabbit":1,"minecraft:iron_golem":1,"minecraft:creeper":1,"minecraft:zombie":5,"tombstone:spectral_wolf":1,"iceandfire:ice_dragon":1,"minecraft:wither_skeleton":43,"minecraft:villager":1},"minecraft:dropped":{"iceandfire:dragonbone_sword":2,"minecraft:iron_sword":3,"relics:spore_sack":1,"tombstone:tablet_of_home":1,"minecraft:diamond_leggings":1,"minecraft:cobblestone":2,"minecraft:book":3,"minecraft:spruce_stairs":1,"minecraft:golden_apple":1,"minecraft:emerald":86,"minecraft:dirt":4,"tombstone:bag_of_seeds":1,"minecraft:dark_oak_wood":1,"minecraft:rose_bush":5,"minecraft:rabbit":1,"minecraft:smooth_quartz":2,"tombstone:grave_dust":9,"minecraft:chainmail_leggings":3,"tombstone:familiar_receptacle":2,"minecraft:cyan_carpet":24,"minecraft:spruce_sapling":1,"minecraft:bone":75,"iceandfire:silver_nugget":166,"minecraft:sweet_berries":44,"minecraft:stone_sword":1,"tombstone:gift":6,"minecraft:rotten_flesh":6,"minecraft:name_tag":1,"minecraft:spruce_fence":10,"minecraft:chainmail_chestplate":2,"iceandfire:dragon_ice":6,"minecraft:diamond_sword":2,"minecraft:spruce_planks":1,"minecraft:chainmail_boots":3,"minecraft:spider_eye":2,"tombstone:essence_of_undeath":1,"minecraft:diamond_boots":2,"minecraft:wooden_pickaxe":4,"minecraft:stone_pickaxe":1,"iceandfire:ice_dragon_blood":1,"minecraft:egg":1},"minecraft:broken":{"minecraft:iron_boots":1,"minecraft:chainmail_helmet":1},"minecraft:custom":{"minecraft:mob_kills":101,"minecraft:interact_with_anvil":3,"minecraft:interact_with_crafting_table":20,"minecraft:open_barrel":10,"minecraft:damage_dealt_resisted":4690,"minecraft:eat_cake_slice":2,"minecraft:leave_game":8,"minecraft:time_since_death":1466,"minecraft:climb_one_cm":9978,"minecraft:sprint_one_cm":765904,"minecraft:walk_one_cm":425607,"minecraft:drop":87,"minecraft:talked_to_villager":2,"minecraft:play_time":168970,"minecraft:deaths":32,"minecraft:sneak_time":2282,"minecraft:walk_under_water_one_cm":8452,"minecraft:jump":3894,"minecraft:interact_with_blast_furnace":1,"minecraft:walk_on_water_one_cm":15418,"minecraft:total_world_time":168970,"minecraft:interact_with_furnace":8,"minecraft:tune_noteblock":21,"minecraft:sleep_in_bed":7,"minecraft:time_since_rest":1150,"minecraft:damage_taken":14587,"minecraft:damage_absorbed":200,"minecraft:damage_dealt":38350,"tombstone:cast_on_ally":2,"minecraft:swim_one_cm":50639,"minecraft:player_kills":2,"minecraft:fly_one_cm":780387,"minecraft:open_chest":78,"minecraft:crouch_one_cm":3277,"tombstone:undead_killed":67,"tombstone:villager_killed":1,"minecraft:fall_one_cm":86031},"minecraft:mined":{"minecraft:spruce_planks":1,"minecraft:white_bed":1,"minecraft:ladder":1,"minecraft:grass_block":9,"minecraft:spruce_fence":5,"iceandfire:frozen_grass":2,"minecraft:coal_block":1,"minecraft:deepslate_bricks":1,"minecraft:spruce_leaves":37,"iceandfire:dragon_ice":6,"minecraft:spawner":19,"minecraft:tall_seagrass":1,"minecraft:fire":12,"minecraft:iron_bars":1,"minecraft:stone":47,"minecraft:white_wool":2,"minecraft:powder_snow":7,"minecraft:dark_oak_wood":1,"minecraft:blast_furnace":3,"minecraft:rose_bush":4,"iceandfire:frozen_dirt":3,"minecraft:cobblestone":2,"minecraft:diorite":1,"minecraft:blue_bed":3,"minecraft:spruce_stairs":1,"minecraft:seagrass":1,"minecraft:black_stained_glass":2,"minecraft:birch_log":6,"minecraft:sweet_berry_bush":40,"minecraft:ice":10,"minecraft:birch_leaves":2,"minecraft:grass":3,"minecraft:oak_log":5,"minecraft:coal_ore":23,"minecraft:dirt":24,"minecraft:cyan_carpet":10,"minecraft:sand":15,"minecraft:smooth_quartz":2,"minecraft:oak_leaves":1,"minecraft:fern":2},"minecraft:crafted":{"minecraft:oak_planks":24,"iceandfire:dragonbone_sword_fire":1,"iceandfire:armor_sapphire_chestplate":1,"minecraft:furnace":1,"minecraft:glass":15,"minecraft:stone_pickaxe":2,"minecraft:glass_bottle":9,"iceandfire:dragonbone_sword":4,"minecraft:diamond_sword":1,"minecraft:crafting_table":2,"minecraft:wooden_pickaxe":2,"minecraft:birch_planks":24,"minecraft:air":0,"iceandfire:dragonbone_sword_ice":1,"minecraft:stick":36,"minecraft:stone_sword":1,"minecraft:torch":84}},"DataVersion":3465}