{"stats":{"minecraft:killed":{"minecraft:cave_spider":12,"minecraft:spider":10,"minecraft:iron_golem":1,"minecraft:creeper":1,"minecraft:skeleton":4,"minecraft:zombie":3,"minecraft:fox":1,"minecraft:wither_skeleton":35},"minecraft:dropped":{"minecraft:iron_sword":3,"minecraft:sweet_berries":44,"minecraft:stone_sword":1,"tombstone:gift":5,"minecraft:rotten_flesh":1,"minecraft:name_tag":1,"minecraft:spruce_stairs":1,"minecraft:spruce_fence":10,"minecraft:chainmail_chestplate":1,"minecraft:diamond_sword":2,"tombstone:bag_of_seeds":1,"minecraft:spruce_planks":1,"minecraft:dark_oak_wood":1,"minecraft:rose_bush":5,"minecraft:smooth_quartz":2,"minecraft:chainmail_boots":3,"tombstone:grave_dust":3,"minecraft:spider_eye":2,"minecraft:stone_pickaxe":1,"minecraft:wooden_pickaxe":3,"minecraft:chainmail_leggings":3,"minecraft:cyan_carpet":22,"minecraft:spruce_sapling":1},"minecraft:used":{"minecraft:stone_sword":56,"minecraft:stone_pickaxe":55,"minecraft:wooden_pickaxe":5,"minecraft:blue_bed":3,"minecraft:iron_sword":24,"minecraft:golden_apple":2,"minecraft:torch":60,"minecraft:dirt":24,"minecraft:crafting_table":1,"minecraft:bread":13,"minecraft:diamond_sword":324,"minecraft:golden_carrot":15,"minecraft:cobblestone":7,"minecraft:bow":5,"minecraft:sweet_berries":57},"minecraft:crafted":{"minecraft:oak_planks":24,"minecraft:diamond_sword":1,"minecraft:crafting_table":1,"minecraft:wooden_pickaxe":1,"minecraft:stick":28,"minecraft:stone_pickaxe":1,"minecraft:stone_sword":1,"minecraft:torch":60},"minecraft:custom":{"minecraft:interact_with_anvil":1,"minecraft:mob_kills":67,"minecraft:interact_with_crafting_table":8,"minecraft:tune_noteblock":21,"minecraft:damage_dealt_resisted":3852,"minecraft:leave_game":5,"minecraft:time_since_death":2168,"minecraft:sleep_in_bed":2,"minecraft:climb_one_cm":7600,"minecraft:time_since_rest":1840,"minecraft:damage_absorbed":80,"minecraft:sprint_one_cm":389609,"minecraft:damage_taken":7510,"minecraft:walk_one_cm":215223,"minecraft:drop":44,"minecraft:damage_dealt":22719,"tombstone:cast_on_ally":1,"minecraft:swim_one_cm":41291,"minecraft:fly_one_cm":261065,"minecraft:open_chest":39,"minecraft:crouch_one_cm":1678,"minecraft:play_time":77641,"tombstone:undead_killed":42,"minecraft:deaths":18,"minecraft:sneak_time":1273,"minecraft:walk_under_water_one_cm":3079,"minecraft:jump":1749,"minecraft:walk_on_water_one_cm":7853,"minecraft:total_world_time":77641,"minecraft:fall_one_cm":21873},"minecraft:killed_by":{"minecraft:player":1,"minecraft:cave_spider":2,"minecraft:wither_skeleton":7,"minecraft:skeleton":7},"minecraft:picked_up":{"iceandfire:witherbone":15,"minecraft:diamond_sword":2,"minecraft:wooden_pickaxe":2,"minecraft:oak_log":6,"minecraft:wither_skeleton_skull":1,"minecraft:dirt":26,"minecraft:blue_bed":3,"minecraft:string":23,"tombstone:gift":1,"minecraft:bone":37,"minecraft:cyan_carpet":22,"minecraft:bow":2,"minecraft:spruce_planks":3,"minecraft:iron_ingot":3,"minecraft:rose_bush":3,"tombstone:bag_of_seeds":1,"minecraft:smooth_quartz":10,"minecraft:book":3,"iceandfire:dragonbone":17,"minecraft:sweet_berries":139,"minecraft:spruce_stairs":2,"minecraft:spruce_fence":10,"minecraft:spruce_sapling":1,"tombstone:grave_dust":5,"minecraft:spider_eye":5,"iceandfire:dragon_skull_ice":1,"minecraft:arrow":5,"minecraft:rotten_flesh":1,"minecraft:chainmail_leggings":1,"tombstone:magic_scroll":1,"minecraft:dark_oak_wood":1,"minecraft:coal":32,"minecraft:white_wool":2,"minecraft:cobblestone":14},"minecraft:broken":{"minecraft:iron_boots":1},"minecraft:mined":{"minecraft:spruce_planks":1,"minecraft:powder_snow":7,"minecraft:dark_oak_wood":1,"minecraft:grass_block":5,"minecraft:spruce_fence":5,"minecraft:rose_bush":4,"minecraft:cobblestone":2,"minecraft:spruce_leaves":33,"minecraft:blue_bed":3,"minecraft:spawner":15,"minecraft:sweet_berry_bush":40,"minecraft:birch_leaves":1,"minecraft:grass":1,"minecraft:oak_log":5,"minecraft:coal_ore":21,"minecraft:cyan_carpet":8,"minecraft:dirt":21,"minecraft:smooth_quartz":2,"minecraft:stone":10,"minecraft:white_wool":2,"minecraft:oak_leaves":1,"minecraft:fern":1}},"DataVersion":3465}