{"stats":{"minecraft:killed":{"minecraft:cave_spider":5,"minecraft:spider":1,"minecraft:iron_golem":1,"minecraft:skeleton":1,"minecraft:zombie":3,"minecraft:fox":1,"minecraft:wither_skeleton":26},"minecraft:dropped":{"minecraft:iron_sword":3,"minecraft:stone_sword":1,"tombstone:gift":2,"minecraft:rotten_flesh":1,"minecraft:name_tag":1,"minecraft:chainmail_chestplate":1,"tombstone:bag_of_seeds":1,"minecraft:spruce_planks":1,"minecraft:dark_oak_wood":1,"minecraft:smooth_quartz":2,"minecraft:rose_bush":1,"minecraft:chainmail_boots":2,"tombstone:grave_dust":3,"minecraft:spider_eye":1,"minecraft:wooden_pickaxe":3,"minecraft:chainmail_leggings":2,"minecraft:spruce_sapling":1,"minecraft:cyan_carpet":4},"minecraft:used":{"minecraft:stone_sword":56,"minecraft:stone_pickaxe":53,"minecraft:wooden_pickaxe":5,"minecraft:iron_sword":24,"minecraft:blue_bed":3,"minecraft:torch":29,"minecraft:dirt":24,"minecraft:crafting_table":1,"minecraft:bread":3,"minecraft:diamond_sword":199,"minecraft:golden_carrot":13,"minecraft:cobblestone":7,"minecraft:sweet_berries":57},"minecraft:crafted":{"minecraft:oak_planks":24,"minecraft:diamond_sword":1,"minecraft:crafting_table":1,"minecraft:wooden_pickaxe":1,"minecraft:stick":28,"minecraft:stone_pickaxe":1,"minecraft:stone_sword":1,"minecraft:torch":60},"minecraft:custom":{"minecraft:mob_kills":38,"minecraft:tune_noteblock":21,"minecraft:interact_with_crafting_table":8,"minecraft:damage_dealt_resisted":2927,"minecraft:leave_game":5,"minecraft:time_since_death":419,"minecraft:sleep_in_bed":2,"minecraft:climb_one_cm":4441,"minecraft:time_since_rest":32,"minecraft:sprint_one_cm":319274,"minecraft:damage_taken":5309,"minecraft:walk_one_cm":164948,"minecraft:drop":27,"minecraft:damage_dealt":12920,"minecraft:swim_one_cm":41291,"minecraft:fly_one_cm":223105,"minecraft:open_chest":15,"minecraft:crouch_one_cm":1222,"minecraft:play_time":60294,"tombstone:undead_killed":30,"minecraft:deaths":13,"minecraft:sneak_time":1022,"minecraft:walk_under_water_one_cm":3079,"minecraft:jump":1482,"minecraft:walk_on_water_one_cm":7853,"minecraft:total_world_time":60294,"minecraft:fall_one_cm":18409},"minecraft:killed_by":{"minecraft:player":1,"minecraft:cave_spider":1,"minecraft:wither_skeleton":6,"minecraft:skeleton":4},"minecraft:picked_up":{"iceandfire:witherbone":12,"minecraft:diamond_sword":1,"minecraft:wooden_pickaxe":2,"minecraft:oak_log":6,"minecraft:wither_skeleton_skull":1,"minecraft:string":11,"minecraft:blue_bed":3,"minecraft:dirt":25,"minecraft:bone":25,"minecraft:cyan_carpet":13,"minecraft:bow":1,"minecraft:spruce_planks":1,"minecraft:iron_ingot":3,"minecraft:rose_bush":1,"tombstone:bag_of_seeds":1,"minecraft:smooth_quartz":2,"minecraft:book":3,"iceandfire:dragonbone":17,"minecraft:sweet_berries":95,"minecraft:spruce_stairs":1,"minecraft:spruce_fence":5,"tombstone:grave_dust":3,"minecraft:spruce_sapling":1,"minecraft:spider_eye":1,"iceandfire:dragon_skull_ice":1,"minecraft:arrow":4,"minecraft:rotten_flesh":1,"minecraft:chainmail_leggings":1,"tombstone:magic_scroll":1,"minecraft:dark_oak_wood":1,"minecraft:coal":29,"minecraft:white_wool":2,"minecraft:cobblestone":14},"minecraft:mined":{"minecraft:spruce_planks":1,"minecraft:powder_snow":7,"minecraft:dark_oak_wood":1,"minecraft:grass_block":5,"minecraft:spruce_fence":5,"minecraft:rose_bush":4,"minecraft:cobblestone":2,"minecraft:spruce_leaves":33,"minecraft:blue_bed":3,"minecraft:spawner":13,"minecraft:sweet_berry_bush":40,"minecraft:birch_leaves":1,"minecraft:grass":1,"minecraft:oak_log":5,"minecraft:coal_ore":21,"minecraft:cyan_carpet":8,"minecraft:dirt":20,"minecraft:smooth_quartz":2,"minecraft:stone":10,"minecraft:white_wool":2,"minecraft:oak_leaves":1,"minecraft:fern":1}},"DataVersion":3465}